{
  "test_accuracy": 0.8620535714285714,
  "test_f1": 0.8641890901987596,
  "test_precision": 0.8529014844804319,
  "test_recall": 0.8757794714441255,
  "test_roc_auc": 0.935542007213343
}